{"initial_reset_timestamp": 1504266579.7796748, "timestamps": [1504266581.904785, 1504266583.175054, 1504266583.79724, 1504266584.0400379, 1504266584.272668, 1504266584.4623091, 1504266584.677431, 1504266584.8580759, 1504266585.6359732, 1504266586.17035, 1504266586.374075, 1504266586.5833259, 1504266586.779764, 1504266586.963331, 1504266587.178059, 1504266587.4596539, 1504266587.6378481, 1504266587.830683, 1504266588.013391, 1504266588.235072, 1504266588.437189, 1504266588.626562, 1504266588.829089, 1504266589.0248451, 1504266589.2108958, 1504266589.400031, 1504266589.596329, 1504266590.169138, 1504266590.616723, 1504266590.8457768, 1504266591.0533671, 1504266591.285954, 1504266591.464036, 1504266591.667459, 1504266591.848556, 1504266592.0150578, 1504266592.1995058, 1504266592.427501, 1504266592.658763, 1504266592.900078, 1504266593.11022, 1504266593.302871, 1504266593.502909, 1504266593.6935449, 1504266593.912626, 1504266594.211981, 1504266594.436309, 1504266594.6504378, 1504266594.869023, 1504266595.0735989, 1504266595.259574, 1504266595.460408, 1504266595.654291, 1504266595.87249, 1504266596.108855, 1504266596.3711412, 1504266596.6353862, 1504266596.9327722, 1504266597.149926, 1504266597.329356, 1504266597.541236, 1504266597.7697542, 1504266598.087611, 1504266598.3241742, 1504266598.877354, 1504266599.346519, 1504266599.59956, 1504266599.811382, 1504266600.068293, 1504266600.391336, 1504266600.65587, 1504266600.925875, 1504266601.321641, 1504266601.580574, 1504266601.7660391, 1504266601.9752991, 1504266602.16694, 1504266602.367747, 1504266602.606443, 1504266602.828246, 1504266603.030611, 1504266603.232287, 1504266603.426053, 1504266603.612264, 1504266603.823488, 1504266604.0417438, 1504266604.2284002, 1504266604.4272482, 1504266604.621112, 1504266604.855947, 1504266605.077887, 1504266605.277781, 1504266605.506016, 1504266605.726061, 1504266605.9856498, 1504266606.236747, 1504266606.442438, 1504266606.6299598, 1504266606.822353, 1504266607.0106518], "episode_lengths": [19, 21, 24, 21, 20, 19, 22, 18, 21, 20, 20, 22, 20, 19, 23, 23, 18, 20, 19, 23, 20, 19, 20, 20, 19, 19, 20, 20, 19, 21, 21, 24, 18, 20, 19, 17, 19, 24, 22, 22, 20, 20, 21, 20, 20, 20, 19, 20, 20, 20, 19, 21, 20, 20, 22, 19, 24, 23, 18, 17, 20, 21, 28, 21, 20, 20, 21, 21, 21, 21, 19, 20, 20, 22, 19, 20, 18, 19, 21, 21, 20, 20, 19, 19, 20, 20, 19, 19, 18, 22, 22, 19, 23, 21, 24, 22, 20, 19, 19, 18], "episode_rewards": [17.09403402099053, 14.12514663044283, 16.608405550379707, 14.896879033065854, 12.803354111722664, 13.33960938787902, 22.856998813698354, 11.57381701859031, 18.153431639374997, 16.438898319636618, 14.064458790149427, 20.091001045615528, 18.454689490905704, 14.069264833152014, 2.0355032350262947, 18.424085375666024, 11.934096772415362, 20.909532638005995, 18.007089396906345, 9.287805930857322, 20.20641196774623, 15.19731078164789, 17.721448914393974, 18.901015790195146, 13.794767927916507, 14.046340798519179, 19.643905734426337, 18.458447874080985, 18.217391354390905, 17.518485598030207, 17.865583433561273, 18.701381168358495, -0.014651554814588241, 20.338402846987222, 16.157716188742434, -0.966213803529991, 18.07568762833321, 20.516275475128754, 18.126657916520756, 16.11055786071542, 13.889441418760725, 16.808362945664157, 23.5130208610723, 14.28370694309542, 19.48945795852446, 13.112035861208778, 20.43471134111941, 19.231495838509016, 18.568806201109602, 17.683120366050343, 12.97858311266074, 21.629510743141694, 18.010257835536276, 18.108790318093977, 15.18589952958775, 12.42651829060628, 19.89672951205698, 19.987775152150995, 9.913604032150717, 3.0830951851664063, 10.151152117895592, 9.0754138723687, 11.056620712097988, 19.647153285125658, 16.675060581543768, 16.620846059122464, 19.86899908403038, 12.809171366753231, 18.682487690381098, 21.324915455094427, 21.377237909214244, 18.813222901418985, 17.092348161571703, 21.20669275581522, 17.08999398892009, 20.458398769626633, -2.2494045626398265, 15.389191965259625, 12.870756898646052, 24.17969938316724, 19.783958010357217, 20.390864761035033, 19.042569347652623, 17.331408007115815, 19.07784338221934, 15.003179571544795, 12.89298038964657, 17.134637773134475, -0.3957293873290615, 22.727597668262977, 15.219938843901222, 14.352010854273315, 21.32584676340297, 23.438507025569216, 17.69670482747767, 16.664488652192357, 20.086953945226604, 15.732893831016705, 18.38868272762088, 0.6866937614612301], "episode_types": ["t", "t", "t", "t", "t", "t", "t", "t", "t", "t", "t", "t", "t", "t", "t", "t", "t", "t", "t", "t", "t", "t", "t", "t", "t", "t", "t", "t", "t", "t", "t", "t", "t", "t", "t", "t", "t", "t", "t", "t", "t", "t", "t", "t", "t", "t", "t", "t", "t", "t", "t", "t", "t", "t", "t", "t", "t", "t", "t", "t", "t", "t", "t", "t", "t", "t", "t", "t", "t", "t", "t", "t", "t", "t", "t", "t", "t", "t", "t", "t", "t", "t", "t", "t", "t", "t", "t", "t", "t", "t", "t", "t", "t", "t", "t", "t", "t", "t", "t", "t"]}