{"initial_reset_timestamp": 1504173313.635489, "timestamps": [1504173314.881793, 1504173315.177207, 1504173315.333924, 1504173315.3772402, 1504173315.4217658, 1504173315.4626749, 1504173315.506067, 1504173315.549292, 1504173315.715847, 1504173315.835086, 1504173315.875196, 1504173315.916646, 1504173315.955277, 1504173315.993918, 1504173316.032798, 1504173316.0735092, 1504173316.116835, 1504173316.158836, 1504173316.197081, 1504173316.235592, 1504173316.2743008, 1504173316.313993, 1504173316.35637, 1504173316.4010088, 1504173316.444623, 1504173316.49056, 1504173316.5324621, 1504173316.696247, 1504173316.809472, 1504173316.8476238, 1504173316.8895009, 1504173316.927855, 1504173316.971037, 1504173317.0118558, 1504173317.0521128, 1504173317.102227, 1504173317.158962, 1504173317.200872, 1504173317.239062, 1504173317.2776089, 1504173317.3204951, 1504173317.3644211, 1504173317.406681, 1504173317.44875, 1504173317.492453, 1504173317.5359108, 1504173317.578827, 1504173317.618764, 1504173317.656055, 1504173317.697151, 1504173317.741554, 1504173317.7845278, 1504173317.827499, 1504173317.872403, 1504173317.9157708, 1504173317.9549031, 1504173317.993174, 1504173318.034981, 1504173318.076535, 1504173318.12147, 1504173318.162283, 1504173318.200373, 1504173318.239359, 1504173318.2809222, 1504173318.4465249, 1504173318.564477, 1504173318.602747, 1504173318.640296, 1504173318.677817, 1504173318.718368, 1504173318.759944, 1504173318.797837, 1504173318.841596, 1504173318.890638, 1504173318.9354072, 1504173318.973484, 1504173319.0140119, 1504173319.052122, 1504173319.0895889, 1504173319.134352, 1504173319.177995, 1504173319.219721, 1504173319.260607, 1504173319.299815, 1504173319.339505, 1504173319.378934, 1504173319.416526, 1504173319.4533498, 1504173319.4911911, 1504173319.52997, 1504173319.5677571, 1504173319.605202, 1504173319.643309, 1504173319.681621, 1504173319.718805, 1504173319.756166, 1504173319.794723, 1504173319.833056, 1504173319.872572, 1504173319.912482], "episode_lengths": [6, 6, 6, 6, 6, 6, 6, 6, 6, 6, 6, 6, 6, 6, 6, 6, 6, 6, 6, 6, 6, 6, 6, 6, 6, 6, 6, 6, 6, 6, 6, 6, 6, 6, 6, 6, 6, 6, 6, 6, 6, 6, 6, 6, 6, 6, 6, 6, 6, 6, 6, 6, 6, 6, 6, 6, 6, 6, 6, 6, 6, 6, 6, 6, 6, 6, 6, 6, 6, 6, 6, 6, 6, 6, 6, 6, 6, 6, 6, 6, 6, 6, 6, 6, 6, 6, 6, 6, 6, 6, 6, 6, 6, 6, 6, 6, 6, 6, 6, 6], "episode_rewards": [9.520941672731716, 9.78921903701994, 9.611296002763266, 9.36154438569065, 9.799173831837834, 10.133282228125609, 9.231734760740073, 9.2574002278212, 9.07333861302468, 9.411924267438007, 9.704615205479787, 9.405786099735998, 10.324179568709223, 9.910537704486341, 9.641301477911476, 9.685301366141356, 9.702201312153193, 10.400168324308469, 9.616668560898688, 10.4062141474089, 9.89160435916565, 9.514409018035803, 10.062191678478847, 9.283357039558178, 9.48636120571755, 9.629263825919768, 9.865392287267605, 9.538241599261529, 9.351670502265916, 9.185327596552089, 9.628873937313621, 9.716616800874181, 9.556487461153301, 9.625391515558295, 10.100246197290835, 9.638744956821029, 9.281095377467864, 9.065270131861325, 9.414165713192777, 8.92453416618664, 10.096515604150772, 9.552261691744206, 9.656644718252938, 9.836991482878512, 9.402198302166653, 8.613087473982887, 9.333914186144831, 9.137570195147418, 8.872889774930083, 9.604902094612772, 9.30895661413815, 9.475322470352694, 8.907023236408714, 9.158887746810796, 9.866251725587063, 9.903845732883202, 9.829574465242331, 9.71177408077201, 9.253822519927052, 9.594530076667432, 10.568281469054636, 9.588181314873509, 9.788839979462498, 9.323290078918216, 10.07793725102092, 10.045918535413513, 9.116880123986629, 9.358967451335047, 9.821044456042, 9.959085426077944, 9.833132113075408, 10.42422395181784, 9.755930230778176, 10.300610753564978, 9.313698655100598, 10.372590667731128, 9.267252778704279, 9.335769365778834, 9.962493399225059, 9.629403027259105, 9.891306672929202, 9.581459967276896, 9.523739888938145, 9.371999531175241, 10.123044329695404, 8.940468896403036, 8.664119633102382, 9.431162338357534, 9.523246636317344, 8.902634957984265, 9.768441914254797, 9.412358418859366, 9.623618357531086, 9.56241638208012, 8.657213877746836, 9.914157919152057, 9.578952691071027, 9.444413631953648, 9.262744489080797, 9.212816708405445], "episode_types": ["t", "t", "t", "t", "t", "t", "t", "t", "t", "t", "t", "t", "t", "t", "t", "t", "t", "t", "t", "t", "t", "t", "t", "t", "t", "t", "t", "t", "t", "t", "t", "t", "t", "t", "t", "t", "t", "t", "t", "t", "t", "t", "t", "t", "t", "t", "t", "t", "t", "t", "t", "t", "t", "t", "t", "t", "t", "t", "t", "t", "t", "t", "t", "t", "t", "t", "t", "t", "t", "t", "t", "t", "t", "t", "t", "t", "t", "t", "t", "t", "t", "t", "t", "t", "t", "t", "t", "t", "t", "t", "t", "t", "t", "t", "t", "t", "t", "t", "t", "t"]}