{"initial_reset_timestamp": 1504174134.810837, "timestamps": [1504174136.757319, 1504174137.6372852, 1504174138.152689, 1504174138.34196, 1504174138.4913979, 1504174138.658939, 1504174138.833981, 1504174138.950109, 1504174139.441144, 1504174139.755361, 1504174139.886414, 1504174140.0185091, 1504174140.138826, 1504174140.2592409, 1504174140.4044921, 1504174140.517099, 1504174140.6352499, 1504174140.7536142, 1504174140.868594, 1504174140.976415, 1504174141.065763, 1504174141.186901, 1504174141.301728, 1504174141.426116, 1504174141.541183, 1504174141.669726, 1504174141.7857301, 1504174142.1283772, 1504174142.4078588, 1504174142.523852, 1504174142.6484978, 1504174142.748781, 1504174142.849248, 1504174142.9508648, 1504174143.085666, 1504174143.186906, 1504174143.287292, 1504174143.391177, 1504174143.492784, 1504174143.621797, 1504174143.724069, 1504174143.8354838, 1504174143.9321668, 1504174144.0228312, 1504174144.121721, 1504174144.212437, 1504174144.303055, 1504174144.390613, 1504174144.4927099, 1504174144.612949, 1504174144.7390962, 1504174144.8382568, 1504174144.9347389, 1504174145.052896, 1504174145.1464489, 1504174145.303147, 1504174145.400552, 1504174145.536501, 1504174145.636278, 1504174145.740715, 1504174145.8466518, 1504174145.958956, 1504174146.061121, 1504174146.164978, 1504174146.6294148, 1504174146.9416478, 1504174147.039449, 1504174147.150445, 1504174147.279955, 1504174147.3836632, 1504174147.514863, 1504174147.6339352, 1504174147.736947, 1504174147.856871, 1504174147.963818, 1504174148.0851939, 1504174148.206235, 1504174148.312791, 1504174148.415193, 1504174148.569081, 1504174148.672596, 1504174148.786879, 1504174148.886202, 1504174148.9975889, 1504174149.073847, 1504174149.188096, 1504174149.313643, 1504174149.415284, 1504174149.527104, 1504174149.6724741, 1504174149.770228, 1504174149.871116, 1504174149.977259, 1504174150.058263, 1504174150.182983, 1504174150.290667, 1504174150.393346, 1504174150.4947531, 1504174150.603189, 1504174150.719021], "episode_lengths": [19, 19, 23, 18, 18, 20, 21, 16, 22, 18, 20, 22, 20, 20, 22, 17, 21, 22, 21, 20, 16, 20, 21, 23, 18, 23, 22, 18, 19, 22, 22, 19, 19, 19, 25, 19, 19, 19, 19, 19, 18, 21, 18, 17, 18, 17, 17, 16, 19, 22, 19, 18, 18, 22, 17, 30, 18, 26, 18, 19, 20, 21, 19, 19, 23, 19, 18, 19, 24, 19, 22, 19, 18, 22, 20, 20, 21, 20, 19, 27, 16, 21, 18, 21, 14, 19, 24, 19, 21, 27, 18, 19, 20, 15, 23, 20, 19, 19, 20, 22], "episode_rewards": [28.024416143978296, 32.6599135659635, 35.785989959425926, 30.64163143586192, 26.684553645318367, 32.83316104691038, 31.876710772854846, 27.30730417894519, 37.21862542371381, 28.713376003269502, 30.18183378884859, 39.34582366083485, 34.68770867419079, 28.850820095234656, 37.77136232055899, 29.095608334506675, 29.33083257609104, 39.35517878115205, 30.835561922148905, 35.94722206479781, 27.49258394863718, 32.91299385401215, 32.97867794020857, 39.659455532055276, 30.01524757258884, 38.726868248447126, 37.252303109514465, 28.714979378487616, 31.457953523065942, 39.401421765900146, 37.735310445333006, 30.899289210015553, 32.27370107974419, 29.84071373954065, 40.81525103174062, 31.36316114062064, 30.290402670312314, 32.688798439559456, 27.984969756654746, 33.86448845501435, 31.549662072079077, 38.55469796126052, 30.5374996087019, 29.03619509642739, 31.250068549987905, 28.870036704718938, 27.99682674150244, 24.86265265858528, 28.713539597499757, 38.10270401342712, 33.00362372306989, 31.130992310171123, 31.90640380235563, 38.54149166264686, 30.70515789443015, 35.6755585259194, 28.895505340365332, 36.35083112821562, 29.364888182438143, 34.318503478443006, 32.547662576947175, 32.44787462882522, 33.65523446638398, 31.464141331397688, 37.37617304409008, 29.49552129907387, 29.705785453635315, 32.27151135201128, 40.1813105273104, 29.20174344363112, 38.94938535405089, 30.895102012346605, 30.77266209419612, 37.98035192619863, 35.61798213277652, 34.09147621022565, 36.09974927641741, 33.688398278498774, 32.023583694055546, 31.82288418941024, 27.751738597279466, 36.57197523238718, 31.146768235205663, 36.75024366410797, 26.51230356003361, 31.575945939861402, 38.626188610016825, 30.917463397463138, 37.29555208083328, 32.59294836430635, 31.167632303446577, 31.78188472687906, 34.59336641381814, 26.109446848716466, 35.93424635845294, 33.0374301581105, 31.763295848951373, 30.63190229412138, 31.101049771663373, 39.36141421549108], "episode_types": ["t", "t", "t", "t", "t", "t", "t", "t", "t", "t", "t", "t", "t", "t", "t", "t", "t", "t", "t", "t", "t", "t", "t", "t", "t", "t", "t", "t", "t", "t", "t", "t", "t", "t", "t", "t", "t", "t", "t", "t", "t", "t", "t", "t", "t", "t", "t", "t", "t", "t", "t", "t", "t", "t", "t", "t", "t", "t", "t", "t", "t", "t", "t", "t", "t", "t", "t", "t", "t", "t", "t", "t", "t", "t", "t", "t", "t", "t", "t", "t", "t", "t", "t", "t", "t", "t", "t", "t", "t", "t", "t", "t", "t", "t", "t", "t", "t", "t", "t", "t"]}