{"initial_reset_timestamp": 1504174677.493988, "timestamps": [1504174679.269931, 1504174680.51708, 1504174681.2010298, 1504174681.4917052, 1504174681.911437, 1504174682.264061, 1504174682.595405, 1504174682.845574, 1504174684.2337651, 1504174684.701998, 1504174685.071577, 1504174685.5425339, 1504174685.850739, 1504174686.286256, 1504174686.727376, 1504174687.064258, 1504174687.588879, 1504174687.976026, 1504174688.4214551, 1504174688.752481, 1504174689.0720608, 1504174689.45099, 1504174689.8444748, 1504174690.20542, 1504174690.523359, 1504174691.0750778, 1504174691.550613, 1504174692.871904, 1504174693.55619, 1504174693.887091, 1504174694.190612, 1504174694.571481, 1504174694.901338, 1504174695.076103, 1504174695.40993, 1504174695.71759, 1504174696.011015, 1504174696.272388, 1504174696.5853922, 1504174696.912268, 1504174697.281418, 1504174697.6391091, 1504174697.913735, 1504174698.352909, 1504174698.6321988, 1504174698.865709, 1504174699.185173, 1504174699.3657331, 1504174699.754257, 1504174700.080639, 1504174700.3481312, 1504174700.6846762, 1504174700.9891388, 1504174701.574827, 1504174702.060417, 1504174702.57544, 1504174702.915589, 1504174703.279155, 1504174703.6616051, 1504174704.038142, 1504174704.3964171, 1504174704.7799182, 1504174705.107983, 1504174705.456089, 1504174706.627985, 1504174707.2552168, 1504174707.67997, 1504174708.0704918, 1504174708.2786849, 1504174708.388871, 1504174708.800155, 1504174708.92253, 1504174709.3556411, 1504174709.494076, 1504174709.743516, 1504174710.5118499, 1504174710.932163, 1504174711.1960058, 1504174711.5338979, 1504174711.8550642, 1504174712.310698, 1504174712.7410529, 1504174713.0482922, 1504174713.339564, 1504174713.6692228, 1504174713.986274, 1504174714.3724558, 1504174714.765743, 1504174715.200726, 1504174715.585886, 1504174716.085064, 1504174716.4514618, 1504174716.8722181, 1504174717.20716, 1504174717.404108, 1504174717.587059, 1504174717.810163, 1504174718.2521548, 1504174719.0256991, 1504174719.488678], "episode_lengths": [24, 47, 49, 35, 55, 40, 45, 33, 59, 27, 48, 64, 38, 48, 58, 44, 68, 50, 52, 45, 44, 51, 48, 49, 44, 75, 65, 60, 51, 41, 41, 50, 44, 24, 45, 37, 39, 35, 43, 44, 50, 48, 37, 59, 37, 31, 43, 24, 52, 45, 36, 46, 41, 80, 66, 70, 46, 49, 51, 51, 48, 52, 45, 47, 52, 41, 53, 50, 28, 14, 50, 16, 59, 19, 34, 104, 57, 36, 45, 43, 62, 58, 41, 39, 45, 42, 52, 54, 59, 53, 60, 48, 56, 46, 26, 25, 29, 60, 68, 38], "episode_rewards": [35.17283535487561, 29.280239761963706, 31.63616303933667, 43.85879526835582, 60.371447947488925, 22.571322814798503, 31.88131533361302, 40.58039828765808, 44.49915288606432, 40.1653569753191, 37.78138748393783, 45.11447393742711, 43.038333275510126, 29.803799029293913, 36.69346177038631, 35.825873275025494, 50.8945441360322, 59.07866685125613, 44.54242559800113, 34.120639531275074, 35.26138603269596, 35.74963831294506, 34.31168650548547, 36.804372408957, 36.30875204847245, 50.93068162733063, 50.80550552387994, 59.3393083085574, 54.43501148011468, 24.994260894899583, 34.66616100987449, 39.33504391616046, 32.0854941847448, 36.1474050230674, 29.73902544730954, 41.24014563789775, 34.1727120093931, 38.641672171670756, 34.24742203756953, 46.650360527196106, 34.39325853595413, 41.930883438071085, 29.842319546746694, 61.74660169205746, 48.25122126427295, 42.90680956350384, 55.964841000395225, 29.40315890137475, 43.0601576856927, 48.35002148931251, 42.18642895181886, 34.413741831080294, 30.098005152939734, 65.60221423731755, 46.87090328254755, 46.56957623070919, 36.83178854248509, 38.41973243808994, 38.163352767524096, 47.440127111934984, 37.88420239171463, 42.9018756406857, 38.24941738283765, 31.842080332475106, 40.30133459714391, 29.52198565962776, 56.09006198184811, 47.107798750372474, 35.459322930871714, 30.46504953455199, 29.194148297007875, 31.917816828751775, 42.223323983265, 34.90587945096388, 45.080126163250924, 58.980065929828875, 43.41933620650936, 44.31692349982971, 38.73693419084835, 31.987876916715685, 51.0221850976969, 39.98357275954426, 30.404412945364786, 13.47692863825408, 32.877410709684575, 29.70010985773842, 32.21847185515654, 40.59640275789852, 57.96274494978861, 42.13020093388914, 45.26599081497213, 30.948620572962188, 60.77129402524806, 57.9342258581045, 34.71000070994196, 38.227882187381326, 38.79927682627167, 44.30435525066387, 68.56000180182214, 46.46172398442673], "episode_types": ["t", "t", "t", "t", "t", "t", "t", "t", "t", "t", "t", "t", "t", "t", "t", "t", "t", "t", "t", "t", "t", "t", "t", "t", "t", "t", "t", "t", "t", "t", "t", "t", "t", "t", "t", "t", "t", "t", "t", "t", "t", "t", "t", "t", "t", "t", "t", "t", "t", "t", "t", "t", "t", "t", "t", "t", "t", "t", "t", "t", "t", "t", "t", "t", "t", "t", "t", "t", "t", "t", "t", "t", "t", "t", "t", "t", "t", "t", "t", "t", "t", "t", "t", "t", "t", "t", "t", "t", "t", "t", "t", "t", "t", "t", "t", "t", "t", "t", "t", "t", "t"]}