{"initial_reset_timestamp": 1504173748.4951649, "timestamps": [1504173749.557832, 1504173750.1818829, 1504173750.628478, 1504173750.814709, 1504173751.043193, 1504173751.221537, 1504173751.375995, 1504173751.508477, 1504173752.057792, 1504173752.346223, 1504173752.482125, 1504173752.6110232, 1504173752.756643, 1504173752.880055, 1504173753.012236, 1504173753.158497, 1504173753.287544, 1504173753.418009, 1504173753.535838, 1504173753.650466, 1504173753.7126331, 1504173753.841124, 1504173754.039262, 1504173754.1642292, 1504173754.295821, 1504173754.429378, 1504173754.5496151, 1504173754.891249, 1504173755.163584, 1504173755.296161, 1504173755.428738, 1504173755.5919712, 1504173755.786583, 1504173755.918568, 1504173756.064672, 1504173756.210201, 1504173756.335139, 1504173756.491193, 1504173756.611253, 1504173756.724666, 1504173756.8166552, 1504173756.941591, 1504173757.074835, 1504173757.1890602, 1504173757.289728, 1504173757.409995, 1504173757.546266, 1504173757.669012, 1504173757.8005178, 1504173757.9183328, 1504173758.0559192, 1504173758.150976, 1504173758.283146, 1504173758.402739, 1504173758.529133, 1504173758.635165, 1504173758.757468, 1504173758.873492, 1504173759.016515, 1504173759.1312199, 1504173759.24648, 1504173759.363332, 1504173759.480971, 1504173759.6016672, 1504173759.9876292, 1504173760.307295, 1504173760.4446158, 1504173760.576305, 1504173760.704671, 1504173760.824971, 1504173760.937002, 1504173761.063144, 1504173761.1745899, 1504173761.296173, 1504173761.4178078, 1504173761.548181, 1504173761.658519, 1504173761.775981, 1504173761.93419, 1504173762.049929, 1504173762.1645188, 1504173762.2853918, 1504173762.4032571, 1504173762.528092, 1504173762.656419, 1504173762.76591, 1504173762.892183, 1504173763.018761, 1504173763.1422431, 1504173763.2559, 1504173763.373751, 1504173763.4906821, 1504173763.616229, 1504173763.730366, 1504173763.8488069, 1504173763.96528, 1504173764.0824199, 1504173764.1966321, 1504173764.31706, 1504173764.433998], "episode_lengths": [10, 16, 16, 16, 19, 17, 16, 13, 16, 16, 16, 16, 16, 16, 16, 16, 15, 17, 16, 16, 8, 16, 16, 17, 17, 16, 16, 14, 16, 16, 16, 17, 16, 16, 16, 19, 16, 16, 16, 16, 11, 16, 17, 15, 12, 16, 15, 16, 16, 16, 17, 12, 17, 16, 15, 15, 16, 16, 17, 16, 16, 16, 16, 16, 16, 16, 16, 16, 16, 15, 15, 17, 15, 16, 16, 16, 15, 16, 16, 16, 16, 16, 16, 16, 15, 15, 17, 16, 17, 16, 16, 16, 16, 16, 16, 16, 16, 16, 16, 16], "episode_rewards": [-78.0888482148832, -58.34793240412256, -49.442462798841014, -61.4611076346613, -54.35480958517291, -58.629590943398945, -51.778304506215505, -58.901662573772775, -52.80917245582969, -58.30955498424592, -53.343106874269154, -62.23048110478704, -68.09250981329242, -48.993492162873736, -53.53627763066324, -57.35679387548008, -47.46689631995105, -52.98890574779798, -60.35382016772928, -48.20081338661984, -102.46693877440848, -54.104525886422195, -64.89350161896729, -64.72568034158758, -60.53065981110704, -55.567551946536696, -63.71764743719251, -57.052059997108884, -52.156179529537624, -67.47866948111478, -56.451963054806406, -52.17012683688517, -50.9788149561311, -61.691388685253344, -50.627077496179844, -67.76602958219881, -56.54146718944102, -65.1567630055535, -51.82183407112899, -59.778713611704, -56.0027418144251, -50.73113280945253, -69.36298468847089, -57.673691473888184, -52.502103543904376, -57.00761629231566, -56.6987848972436, -64.01618348203483, -51.20002338271733, -52.96097977868049, -50.890277348278325, -53.156987992081845, -71.75010267088655, -50.62613463673915, -50.51686122307001, -48.56733198584843, -51.81126877595235, -60.3744680342119, -62.99672201245994, -49.64242038676603, -54.70153374247312, -49.820145873975704, -59.85724774273986, -61.81138117201335, -70.02760788707819, -54.69658729021466, -50.627998597786075, -58.66201355853264, -53.70582556314184, -48.46034111032495, -48.44165450060246, -60.50522296930284, -60.74168224099704, -61.13529858150433, -52.5878698781875, -61.28939289100672, -56.66464190342086, -64.7479491412174, -69.5471885368941, -53.2855348330064, -59.79361151119228, -62.955869886941215, -54.89349041041861, -59.41814720824187, -55.40006632268486, -49.76355033602304, -65.98142909409799, -55.94594076962239, -70.19102326802968, -59.721392398836905, -58.08599016651278, -57.25366607207397, -48.66624497682642, -49.68585163631069, -47.43859954549407, -56.07247111967881, -63.877713662576575, -54.42312086617458, -56.57741570317885, -46.690660655734234], "episode_types": ["t", "t", "t", "t", "t", "t", "t", "t", "t", "t", "t", "t", "t", "t", "t", "t", "t", "t", "t", "t", "t", "t", "t", "t", "t", "t", "t", "t", "t", "t", "t", "t", "t", "t", "t", "t", "t", "t", "t", "t", "t", "t", "t", "t", "t", "t", "t", "t", "t", "t", "t", "t", "t", "t", "t", "t", "t", "t", "t", "t", "t", "t", "t", "t", "t", "t", "t", "t", "t", "t", "t", "t", "t", "t", "t", "t", "t", "t", "t", "t", "t", "t", "t", "t", "t", "t", "t", "t", "t", "t", "t", "t", "t", "t", "t", "t", "t", "t", "t", "t"]}