{"initial_reset_timestamp": 1504173600.2070808, "timestamps": [1504173601.7285278, 1504173602.23746, 1504173602.546619, 1504173602.715491, 1504173602.818233, 1504173602.8909671, 1504173602.973258, 1504173603.130071, 1504173603.622838, 1504173603.8725271, 1504173603.922546, 1504173604.0470028, 1504173604.198373, 1504173604.289556, 1504173604.540585, 1504173604.620777, 1504173604.818433, 1504173604.91416, 1504173605.087169, 1504173605.155162, 1504173605.3069692, 1504173605.495639, 1504173605.642912, 1504173605.7947688, 1504173605.9104252, 1504173606.049437, 1504173606.183777, 1504173606.51233, 1504173606.715028, 1504173606.902213, 1504173607.078937, 1504173607.2606678, 1504173607.342845, 1504173607.512992, 1504173607.572591, 1504173607.707673, 1504173607.856668, 1504173607.979545, 1504173608.0963469, 1504173608.158458, 1504173608.2239401, 1504173608.3252301, 1504173608.3911412, 1504173608.532789, 1504173608.645663, 1504173608.7810712, 1504173608.926992, 1504173608.9785311, 1504173609.072264, 1504173609.135595, 1504173609.2500439, 1504173609.386559, 1504173609.444025, 1504173609.503078, 1504173609.558298, 1504173609.6398668, 1504173609.695601, 1504173609.808352, 1504173609.9377139, 1504173610.07538, 1504173610.196747, 1504173610.2975261, 1504173610.393446, 1504173610.4487329, 1504173610.921657, 1504173611.199297, 1504173611.327361, 1504173611.387037, 1504173611.4531589, 1504173611.581989, 1504173611.7102258, 1504173611.824928, 1504173611.880864, 1504173611.9363542, 1504173612.054529, 1504173612.1120489, 1504173612.1680691, 1504173612.228114, 1504173612.3201091, 1504173612.377902, 1504173612.4428039, 1504173612.542256, 1504173612.672331, 1504173612.814782, 1504173612.86966, 1504173612.981733, 1504173613.042926, 1504173613.166934, 1504173613.2722838, 1504173613.393354, 1504173613.482999, 1504173613.6192582, 1504173613.680089, 1504173613.807274, 1504173613.9304981, 1504173613.986913, 1504173614.042131, 1504173614.146591, 1504173614.185973, 1504173614.244898], "episode_lengths": [24, 10, 23, 29, 16, 10, 10, 19, 20, 10, 7, 21, 17, 10, 26, 10, 23, 10, 10, 8, 18, 23, 15, 18, 17, 18, 19, 11, 7, 21, 21, 23, 10, 20, 10, 18, 23, 20, 19, 10, 10, 17, 11, 24, 20, 23, 23, 7, 16, 10, 19, 23, 10, 10, 10, 15, 10, 20, 23, 23, 23, 18, 18, 10, 24, 11, 23, 10, 10, 21, 22, 21, 10, 10, 22, 10, 10, 10, 17, 10, 10, 15, 19, 23, 10, 21, 11, 23, 19, 23, 17, 26, 11, 22, 23, 10, 10, 19, 7, 10], "episode_rewards": [36.34786924319851, 24.640502882498545, 36.25068581110608, 40.91479104091286, 29.532319865241877, 25.381605945741462, 25.291291841621565, 33.145703857378244, 34.3309826556393, 25.86634476898907, 22.533584285090907, 33.830874439026225, 31.602289049518, 25.532158944063116, 34.357765954821296, 26.015792310294632, 35.585883614717744, 25.539906663906, 24.793561169753954, 21.821490909505517, 32.42169066447386, 36.89035842527738, 30.24922491494071, 32.528096355266456, 30.459493830632706, 30.76524454755708, 31.389032275930358, 26.572573887917674, 22.625838736210422, 33.704409885846324, 34.56662851689398, 35.353830579381615, 25.94123623828927, 32.51338760048966, 25.31746948996733, 32.20854029388138, 36.04309541247275, 31.382042156624077, 32.535762593187606, 25.95872431401512, 25.963806657618257, 30.783006178819047, 25.664884986281685, 34.44724820885676, 34.1643192224179, 36.31982673935345, 35.93961682782974, 22.635576801745625, 29.09210772952065, 26.360462438917597, 32.70659186992925, 35.65731938379031, 25.011901710920206, 25.247807755341633, 25.55560847659071, 29.718480020183776, 24.927439914582642, 32.5229906968234, 36.455205026325714, 35.53932726207568, 36.08255308639473, 32.458445749231025, 30.956176740214865, 25.294673656771188, 36.541833671075075, 26.39632281260419, 35.894421872688866, 26.471876319962025, 26.007398007137812, 33.6619841110456, 34.74753236475844, 35.878275860837675, 26.175583300928697, 24.838251913471318, 34.30843495965455, 25.205094800166258, 25.868490723789723, 24.892782375896054, 31.264060614106707, 24.64504555148596, 26.431732006900706, 29.579757751672872, 33.331544718342045, 36.40440848603321, 25.848735806690815, 34.170111911333514, 26.65137735209864, 36.37584758088778, 33.15510680429288, 35.835375268157804, 29.419329938149893, 36.92236809461974, 26.376427056593815, 35.349792691312906, 36.10389894555447, 24.978281807979506, 26.128719209757396, 32.53180787335186, 22.30292335294216, 24.889975187073283], "episode_types": ["t", "t", "t", "t", "t", "t", "t", "t", "t", "t", "t", "t", "t", "t", "t", "t", "t", "t", "t", "t", "t", "t", "t", "t", "t", "t", "t", "t", "t", "t", "t", "t", "t", "t", "t", "t", "t", "t", "t", "t", "t", "t", "t", "t", "t", "t", "t", "t", "t", "t", "t", "t", "t", "t", "t", "t", "t", "t", "t", "t", "t", "t", "t", "t", "t", "t", "t", "t", "t", "t", "t", "t", "t", "t", "t", "t", "t", "t", "t", "t", "t", "t", "t", "t", "t", "t", "t", "t", "t", "t", "t", "t", "t", "t", "t", "t", "t", "t", "t", "t"]}