{"initial_reset_timestamp": 1504266135.034604, "timestamps": [1504266136.846947, 1504266137.820491, 1504266138.403023, 1504266138.739438, 1504266138.9869702, 1504266139.2411258, 1504266139.5039968, 1504266140.044402, 1504266140.828362, 1504266141.526103, 1504266142.0614898, 1504266142.390941, 1504266142.864362, 1504266143.4936478, 1504266143.9612942, 1504266144.460806, 1504266144.997548, 1504266145.619134, 1504266146.102551, 1504266146.45496, 1504266146.847221, 1504266147.2874408, 1504266147.759292, 1504266148.114534, 1504266148.550401, 1504266148.7828941, 1504266149.118043, 1504266149.8658319, 1504266150.502953, 1504266150.848395, 1504266151.5795121, 1504266151.845728, 1504266152.219415, 1504266152.8025742, 1504266153.289353, 1504266153.9533691, 1504266154.5762408, 1504266154.8639581, 1504266155.248362, 1504266155.700592, 1504266156.050909, 1504266156.314463, 1504266156.618446, 1504266156.951769, 1504266157.318673, 1504266157.542912, 1504266157.759108, 1504266157.972793, 1504266158.215182, 1504266158.46259, 1504266158.7237601, 1504266159.004208, 1504266159.39994, 1504266159.7787578, 1504266160.095774, 1504266160.3511438, 1504266160.576134, 1504266160.770781, 1504266161.004852, 1504266161.274122, 1504266161.593211, 1504266161.9421859, 1504266162.213493, 1504266162.45119, 1504266163.0774348, 1504266163.617367, 1504266163.82622, 1504266164.085108, 1504266164.42853, 1504266164.706605, 1504266165.0569038, 1504266165.293577, 1504266165.530189, 1504266165.835854, 1504266166.1298718, 1504266166.3730402, 1504266166.602092, 1504266166.882263, 1504266167.089401, 1504266167.38767, 1504266167.6629162, 1504266167.893982, 1504266168.102315, 1504266168.3704479, 1504266168.7342908, 1504266168.965651, 1504266169.25688, 1504266169.6261928, 1504266170.0119839, 1504266170.248571, 1504266170.547165, 1504266170.9152188, 1504266171.1637719, 1504266171.471853, 1504266172.023751, 1504266172.2710102, 1504266172.503344, 1504266172.84919, 1504266173.1108758, 1504266173.35803], "episode_lengths": [19, 21, 23, 22, 20, 20, 22, 20, 19, 21, 24, 20, 18, 25, 20, 24, 19, 19, 25, 20, 21, 20, 30, 20, 31, 18, 25, 20, 19, 25, 21, 20, 21, 21, 24, 33, 20, 21, 25, 20, 19, 19, 22, 19, 23, 19, 18, 19, 19, 19, 19, 21, 34, 30, 25, 21, 19, 18, 21, 23, 29, 29, 19, 21, 19, 23, 19, 22, 24, 25, 28, 20, 20, 19, 26, 22, 21, 26, 19, 27, 23, 21, 19, 20, 34, 19, 19, 24, 30, 20, 20, 17, 20, 19, 45, 20, 19, 27, 19, 20], "episode_rewards": [12.442376298432645, 19.487903099913094, 16.317851999278357, 21.90150211853324, 15.886330563115191, 7.525328763539435, 20.97339572520868, 10.524137656239327, -10.83662497842015, 16.649160813575143, 5.31822078492551, 19.658088514421248, -39.50934853390354, 19.121650438514187, 14.613032484886936, 17.830271017811903, 17.6114689857699, 12.8995834730129, 24.312947323732068, -33.21632669138344, 21.785140057158422, 10.614735827282127, 25.157921629336478, 14.099987654612054, 24.69157061402222, -24.634669825060705, 18.21178557857201, 19.7258949014722, 9.270060373912566, 18.031556905042088, 16.471782024107235, 18.93356865422829, 13.636758448950424, 15.365565132605841, 6.863122255034979, 26.323892329981028, 15.774403631805036, 19.052540944999777, 14.477293832847497, -24.849443232100747, 12.191531315819883, 14.856544224169923, 20.154378287396685, 16.017174966441228, 13.980452895589405, 14.53342024083977, -18.992081686106395, 19.006011230153668, -0.7293429370940441, -26.753245452245757, 13.782085373607694, 21.717259732740057, 28.45574032906298, 11.077785645388937, 11.538164746682739, -18.15437900473626, -19.533513796039916, 11.205669172473428, 21.24559783786826, 20.35545854898082, -10.03815473583236, 24.657928330273712, 14.886160491612099, 17.04534071794042, 15.714879709405068, 17.280609515526155, 15.302207520678348, 22.164170410943914, 18.847146136545053, 15.706434958048337, 20.010759982398305, 19.96282095288479, 20.509468915000614, -21.86949243161362, 17.703305071890643, 15.363938727398633, 20.16261943341669, 15.191660553214023, 14.629470511876569, 20.38334264853474, 19.486601385255923, 13.837978087122611, 8.671897475863805, 15.513236190477617, 13.656383839342741, 11.596347411355236, 14.524826908238174, 22.409067419546766, 30.27443168448952, 14.904970584425609, 16.24370479495701, -32.06445927732129, 18.37395361652743, 6.733956130599837, 21.41581205962284, 15.782543164136584, 18.381462042446948, 8.834037579064894, -26.486480724827558, 2.739870674845587], "episode_types": ["t", "t", "t", "t", "t", "t", "t", "t", "t", "t", "t", "t", "t", "t", "t", "t", "t", "t", "t", "t", "t", "t", "t", "t", "t", "t", "t", "t", "t", "t", "t", "t", "t", "t", "t", "t", "t", "t", "t", "t", "t", "t", "t", "t", "t", "t", "t", "t", "t", "t", "t", "t", "t", "t", "t", "t", "t", "t", "t", "t", "t", "t", "t", "t", "t", "t", "t", "t", "t", "t", "t", "t", "t", "t", "t", "t", "t", "t", "t", "t", "t", "t", "t", "t", "t", "t", "t", "t", "t", "t", "t", "t", "t", "t", "t", "t", "t", "t", "t", "t"]}