{"initial_reset_timestamp": 1504174287.025126, "timestamps": [1504174289.129961, 1504174290.472377, 1504174291.4766169, 1504174291.5938199, 1504174291.782611, 1504174292.190702, 1504174292.678429, 1504174293.7805178, 1504174294.9324741, 1504174295.6147132, 1504174296.029953, 1504174296.647305, 1504174296.9895492, 1504174297.5575, 1504174298.328776, 1504174298.813567, 1504174299.377616, 1504174300.153156, 1504174300.5333939, 1504174300.7937028, 1504174301.1374562, 1504174301.4867148, 1504174301.814701, 1504174301.923362, 1504174302.013726, 1504174302.307025, 1504174302.383159, 1504174302.859668, 1504174303.534212, 1504174303.9097412, 1504174304.175898, 1504174304.68333, 1504174305.228766, 1504174305.6424232, 1504174305.942347, 1504174306.108455, 1504174306.458242, 1504174306.919515, 1504174307.145808, 1504174307.233077, 1504174307.8751738, 1504174308.2376142, 1504174308.512622, 1504174308.9351208, 1504174309.105869, 1504174309.211133, 1504174309.6316879, 1504174309.792076, 1504174310.0708091, 1504174310.5256588, 1504174310.8073459, 1504174311.18531, 1504174311.552931, 1504174311.783757, 1504174311.905262, 1504174312.244606, 1504174312.466671, 1504174312.587937, 1504174312.955035, 1504174313.0412009, 1504174313.584907, 1504174314.3517811, 1504174314.5518699, 1504174314.945462, 1504174316.545614, 1504174317.541537, 1504174318.137988, 1504174318.423085, 1504174319.0953522, 1504174319.33918, 1504174319.714903, 1504174320.0711548, 1504174320.5569081, 1504174320.710111, 1504174321.422538, 1504174321.727241, 1504174322.1717608, 1504174322.484041, 1504174322.831121, 1504174323.3111732, 1504174323.796272, 1504174324.214659, 1504174324.709198, 1504174324.836277, 1504174325.155346, 1504174325.533225, 1504174325.713838, 1504174326.090146, 1504174326.793637, 1504174327.059955, 1504174327.666067, 1504174328.023564, 1504174328.252522, 1504174328.527602, 1504174329.085952, 1504174329.2050629, 1504174329.5084648, 1504174329.6920161, 1504174330.105887, 1504174330.272295], "episode_lengths": [11, 44, 63, 11, 15, 44, 37, 104, 40, 29, 47, 61, 38, 52, 58, 45, 55, 90, 51, 34, 49, 51, 37, 18, 15, 51, 10, 17, 63, 59, 40, 77, 80, 58, 49, 26, 57, 71, 32, 14, 102, 55, 46, 68, 30, 17, 63, 23, 38, 74, 43, 60, 56, 34, 20, 51, 32, 19, 51, 13, 84, 83, 32, 59, 67, 40, 55, 24, 60, 24, 32, 35, 45, 14, 49, 35, 54, 33, 31, 54, 58, 47, 57, 14, 39, 18, 12, 32, 82, 34, 90, 53, 34, 41, 91, 21, 52, 33, 64, 26], "episode_rewards": [8.889875519568157, 31.899114732674185, 43.6387531260989, 8.542075031191054, 9.358350865769898, 23.561970876790294, 17.54206492913217, 71.57667855338367, 28.386770342424263, 20.261453862617774, 39.26901506693103, 52.632342592593346, 32.47526952464541, 39.36784271286742, 28.76839731327052, 33.93265308230329, 20.95896384582884, 66.0247440454943, 39.07408671218437, 14.535961450767353, 41.396374443834056, 41.42238599334668, 13.966866324147851, 9.365050014344158, 12.726345847360788, 41.07767192058526, 8.013755700080948, 13.57408857442497, 49.10637062148307, 44.26318718750261, 28.85450829932523, 56.60457582630331, 60.074570813657175, 46.05845571156096, 39.74868816275411, 13.590213939854584, 50.82962538961149, 57.528866772155745, 21.52594704199727, 8.65284435627109, 65.7161190713421, 45.197905918452285, 42.90171641636405, 57.15448936710308, 14.44712952033151, 13.387751867281624, 53.272235844469115, 17.36932475200883, 21.38217019035364, 58.894333750376234, 25.254241149732824, 17.6224227814644, 46.8496083303544, 16.14524293255235, 14.461808712093625, 26.827594017986844, 21.722195763378103, 13.021088874040288, 40.962147455672664, 9.981754228353385, 30.67744375476319, 53.91056391963937, 17.851182998603317, 41.7916047903898, 57.60110268646243, 32.195887328920065, 51.342885976198886, 15.99913030875905, 27.639565390982895, 17.570241547129992, 22.082706871666584, 16.60510860587529, 22.390703372415732, 10.005952625391364, 38.721586613889656, 22.085388435139603, 28.986946610212915, 21.02127767782367, 22.284838588409187, 42.289502704938066, 43.65485537658387, 39.685555332114745, 43.322813276140366, 11.552357731809025, 21.471161427159668, 13.189726940589027, 9.160866153518146, 21.107797944697083, 52.854335513641075, 18.645784945663763, 63.018703402648676, 32.566488388975245, 16.01537211148825, 29.45533873734092, 65.60733091204747, 10.755655368139562, 46.29744802208445, 21.503406541203724, 49.960520401330704, 16.353117123490662], "episode_types": ["t", "t", "t", "t", "t", "t", "t", "t", "t", "t", "t", "t", "t", "t", "t", "t", "t", "t", "t", "t", "t", "t", "t", "t", "t", "t", "t", "t", "t", "t", "t", "t", "t", "t", "t", "t", "t", "t", "t", "t", "t", "t", "t", "t", "t", "t", "t", "t", "t", "t", "t", "t", "t", "t", "t", "t", "t", "t", "t", "t", "t", "t", "t", "t", "t", "t", "t", "t", "t", "t", "t", "t", "t", "t", "t", "t", "t", "t", "t", "t", "t", "t", "t", "t", "t", "t", "t", "t", "t", "t", "t", "t", "t", "t", "t", "t", "t", "t", "t", "t"]}