{"initial_reset_timestamp": 1504175469.129129, "timestamps": [1504175472.16834, 1504175475.016406, 1504175476.024852, 1504175476.5179148, 1504175477.5677881, 1504175478.6171331, 1504175479.092787, 1504175479.6504629, 1504175485.4376209, 1504175487.364382, 1504175488.6651149, 1504175490.392231, 1504175491.331894, 1504175493.405198, 1504175494.6460512, 1504175495.889529, 1504175496.776266, 1504175497.280425, 1504175498.3161569, 1504175498.936287, 1504175500.1306071, 1504175501.025434, 1504175501.572575, 1504175502.932107, 1504175504.1304278, 1504175505.047006, 1504175505.4179058, 1504175506.788363, 1504175507.771466, 1504175508.504029, 1504175509.142507, 1504175509.822734, 1504175510.516405, 1504175511.287798, 1504175511.948225, 1504175512.6125429, 1504175513.02856, 1504175513.358159, 1504175513.60578, 1504175515.030487, 1504175516.6341069, 1504175517.140223, 1504175517.87972, 1504175518.891567, 1504175520.3105311, 1504175522.7866828, 1504175524.206094, 1504175525.313622, 1504175526.713757, 1504175527.861181, 1504175528.911584, 1504175530.5383391, 1504175531.701581, 1504175533.357137, 1504175534.280743, 1504175536.826407, 1504175537.579753, 1504175538.322407, 1504175539.088521, 1504175541.09287, 1504175542.047667, 1504175542.9435909, 1504175543.459104, 1504175545.944475, 1504175547.695768, 1504175549.056163, 1504175550.054803, 1504175550.954261, 1504175551.762024, 1504175552.643517, 1504175554.937563, 1504175555.7502232, 1504175556.615325, 1504175557.453773, 1504175557.6628091, 1504175558.0412748, 1504175559.153245, 1504175560.421365, 1504175561.1300008, 1504175561.9022899, 1504175562.435483, 1504175563.130723, 1504175564.02142, 1504175564.901718, 1504175565.4651258, 1504175566.073733, 1504175567.2137349, 1504175568.57121, 1504175569.1805062, 1504175569.737948, 1504175570.179063, 1504175571.118135, 1504175571.41754, 1504175572.185344, 1504175572.7587142, 1504175573.622945, 1504175574.3059509, 1504175576.248982, 1504175576.838881, 1504175577.88183], "episode_lengths": [77, 114, 87, 62, 133, 134, 61, 72, 201, 112, 72, 70, 43, 127, 79, 127, 88, 48, 117, 69, 115, 100, 59, 96, 76, 86, 44, 50, 78, 83, 74, 58, 57, 65, 59, 61, 47, 40, 24, 122, 127, 46, 60, 79, 53, 168, 107, 66, 73, 69, 59, 90, 71, 84, 63, 172, 50, 52, 61, 181, 92, 90, 54, 259, 59, 98, 76, 66, 74, 80, 206, 79, 96, 105, 26, 38, 132, 158, 89, 93, 67, 85, 104, 113, 71, 77, 138, 162, 74, 63, 55, 120, 30, 85, 69, 106, 86, 248, 72, 133], "episode_rewards": [28.24785163843328, 99.44736595926611, 66.34172767185035, 48.32114870691196, 60.619347874141745, 94.54283351625182, 51.93980089525189, 72.15501335597658, 148.00539599784508, 95.4008160319708, 61.15130202076837, 40.82048271846462, 39.988145531805415, 64.86476613261382, 65.71079116013689, 101.18768296079338, 75.1066581066232, 46.6286321491619, 58.30402815411241, 52.32604474981417, 45.92732316003709, 79.72918731896648, 52.70263633979387, 92.14522090064054, 79.55973190624886, 68.73559485036677, 39.95921993885763, 42.69220497893743, 61.78521692280392, 73.1769542780862, 67.1972221770678, 52.327776756173996, 60.09853903825377, 53.53309865095266, 48.35072634356281, 50.10152158943286, 32.93205737320969, 34.59836062371033, 24.858927544508575, 99.65295953966246, 88.35672960319816, 45.88531465378085, 56.27046968170083, 76.04159715232576, 45.4932599153845, 134.4868256394233, 48.48251595661875, 62.12059442457248, 68.63183486039054, 60.15478441875311, 51.4773727462627, 37.83825870138054, 69.78144680086359, 75.59227133878305, 62.401470533627204, 101.53012422896713, 46.33987371173523, 49.35572406334201, 49.898130673248666, 111.77173491451298, 77.99467124158932, 29.521260387849914, 61.73150400155378, 191.92465876536778, 49.714824832846816, 35.62161585346109, 24.45970460812159, 52.21553429338092, 69.42168596148632, 71.19376270341846, 118.53441457602034, 63.70666531273552, 90.84989343597265, 83.93000853309883, 25.122382721665293, 47.14741589745488, 101.54526846952601, 103.95050913469333, 82.00621448459565, 41.77415517732687, 65.37655855450723, 32.348339452676385, 41.860956276383774, 36.99596608357914, 56.16198036781139, 74.06076166791847, 56.03984024910773, 116.66842465370084, 60.98846253679463, 51.431611932299475, 47.49897923163711, 40.97066817933471, 26.850889994578512, 81.25802833550357, 23.945762169665787, 48.08163368511173, 78.3392734325268, 164.6393768822214, 20.53201661009886, 62.21825829027126], "episode_types": ["t", "t", "t", "t", "t", "t", "t", "t", "t", "t", "t", "t", "t", "t", "t", "t", "t", "t", "t", "t", "t", "t", "t", "t", "t", "t", "t", "t", "t", "t", "t", "t", "t", "t", "t", "t", "t", "t", "t", "t", "t", "t", "t", "t", "t", "t", "t", "t", "t", "t", "t", "t", "t", "t", "t", "t", "t", "t", "t", "t", "t", "t", "t", "t", "t", "t", "t", "t", "t", "t", "t", "t", "t", "t", "t", "t", "t", "t", "t", "t", "t", "t", "t", "t", "t", "t", "t", "t", "t", "t", "t", "t", "t", "t", "t", "t", "t", "t", "t", "t", "t"]}