{"initial_reset_timestamp": 1504176774.335588, "timestamps": [1504176776.5686269, 1504176777.5853288, 1504176778.1811671, 1504176778.4610538, 1504176778.8171258, 1504176779.132947, 1504176779.301926, 1504176779.6869981, 1504176780.998824, 1504176781.648211, 1504176781.991682, 1504176782.3513029, 1504176782.722399, 1504176783.064975, 1504176783.5993521, 1504176783.896068, 1504176784.239599, 1504176784.431865, 1504176784.726052, 1504176784.986502, 1504176785.2853062, 1504176785.589659, 1504176785.813465, 1504176786.136281, 1504176786.432138, 1504176786.6214259, 1504176786.8749912, 1504176787.363272, 1504176787.825554, 1504176788.155187, 1504176788.446173, 1504176788.817046, 1504176789.126249, 1504176789.390723, 1504176789.702623, 1504176790.017633, 1504176790.2570539, 1504176790.611975, 1504176790.927395, 1504176791.193567, 1504176791.48109, 1504176791.752055, 1504176791.913285, 1504176792.2053912, 1504176792.431747, 1504176792.76795, 1504176793.030518, 1504176793.325978, 1504176793.572701, 1504176793.884813, 1504176794.173683, 1504176794.5202959, 1504176794.786481, 1504176794.993618, 1504176795.2289128, 1504176795.3741708, 1504176795.6295831, 1504176795.925727, 1504176796.220665, 1504176796.541769, 1504176796.8785548, 1504176797.160289, 1504176797.430361, 1504176797.734079, 1504176798.506644, 1504176799.071856, 1504176799.28299, 1504176799.552397, 1504176799.838093, 1504176800.230012, 1504176800.484235, 1504176800.7803452, 1504176801.046179, 1504176801.319777, 1504176801.627058, 1504176801.84514, 1504176802.1481779, 1504176802.355247, 1504176802.63445, 1504176802.9277701, 1504176803.190836, 1504176803.5111969, 1504176803.804665, 1504176804.096846, 1504176804.388195, 1504176804.657773, 1504176804.9872892, 1504176805.296921, 1504176805.58142, 1504176805.9808152, 1504176806.4563031, 1504176806.920821, 1504176807.7164319, 1504176808.279109, 1504176808.85491, 1504176809.301148, 1504176809.5433102, 1504176809.786974, 1504176810.052075, 1504176810.436503], "episode_lengths": [36, 26, 35, 30, 35, 33, 17, 40, 44, 31, 31, 29, 30, 31, 37, 28, 31, 19, 31, 28, 31, 33, 17, 36, 30, 20, 28, 19, 32, 34, 32, 41, 33, 30, 33, 35, 25, 39, 33, 29, 31, 30, 18, 32, 25, 35, 29, 33, 28, 35, 33, 38, 30, 23, 26, 17, 29, 33, 32, 37, 38, 32, 30, 33, 32, 36, 23, 31, 28, 42, 29, 33, 29, 30, 30, 17, 29, 20, 23, 30, 29, 33, 31, 33, 32, 31, 31, 30, 30, 41, 29, 27, 30, 30, 38, 32, 19, 18, 18, 31], "episode_rewards": [56.48079863910535, 21.968751667031942, 54.75167423423406, 41.66743277022615, 37.10102116516111, 29.7991070191696, 12.230479027739783, 37.396629656477835, 52.321736086823506, 34.58301306852954, 39.75750838671757, 34.738874872065004, 35.56441697663976, 37.68120211871512, 61.81621553624283, 37.572886639420176, 36.90086814263194, 18.006412979317254, 42.191511887968225, 41.96611683315569, 32.160980506889786, 43.67046024842711, 13.810829087063029, 43.13999600229063, 40.282606151518124, 24.048897141440825, 35.270967612600074, 18.124060579831703, 45.3913800777329, 40.435278175404534, 36.36074007843563, 42.661309540236836, 41.40046703733242, 39.09874034082313, 39.94885971427865, 44.509749562483385, 32.7851196479678, 46.61291230069586, 56.078225165241754, 27.40911596933875, 43.05002927553432, 38.912544566862934, 17.322262863996734, 39.34699433308757, 25.405150814878287, 55.41389292333769, 38.341818207592596, 36.67750330239652, 39.450896993723276, 52.59123988635838, 40.04804105393412, 51.04108964125479, 39.29690429856127, 28.520101365931627, 36.0693330517548, 17.412930327893438, 28.568340715544426, 38.29555861013506, 37.323339468488776, 53.22639306942146, 43.07881229416096, 41.10137879574469, 35.08090233932888, 45.00423328037578, 35.769350426641175, 41.18953506936233, 25.894191628212866, 31.576440840828646, 43.806460157594124, 47.177246120152475, 31.809676260898406, 36.390144043096456, 41.54624911587015, 34.406677103451514, 44.325080343525045, 12.71205696627003, 44.63865650087973, 18.81624623381795, 30.426588536726186, 43.217143320009924, 40.61190564528662, 42.58161782606476, 51.016101790387765, 41.58528703426547, 47.09947161722524, 46.07382905899869, 40.56475628701591, 36.03273872488644, 38.042434515198686, 38.973338016763954, 44.933179203313195, 38.69100526340043, 34.88551519207831, 42.57261736239889, 52.17676966251603, 46.00469626862177, 16.819604230228293, 17.534828703047243, 16.606044229830147, 35.6706730456004], "episode_types": ["t", "t", "t", "t", "t", "t", "t", "t", "t", "t", "t", "t", "t", "t", "t", "t", "t", "t", "t", "t", "t", "t", "t", "t", "t", "t", "t", "t", "t", "t", "t", "t", "t", "t", "t", "t", "t", "t", "t", "t", "t", "t", "t", "t", "t", "t", "t", "t", "t", "t", "t", "t", "t", "t", "t", "t", "t", "t", "t", "t", "t", "t", "t", "t", "t", "t", "t", "t", "t", "t", "t", "t", "t", "t", "t", "t", "t", "t", "t", "t", "t", "t", "t", "t", "t", "t", "t", "t", "t", "t", "t", "t", "t", "t", "t", "t", "t", "t", "t", "t", "t"]}