{"initial_reset_timestamp": 1504176923.830562, "timestamps": [1504176926.328222, 1504176927.9161658, 1504176928.520611, 1504176928.926068, 1504176929.2798479, 1504176929.610234, 1504176930.0120478, 1504176930.3898728, 1504176931.650889, 1504176932.9965088, 1504176933.381034, 1504176933.747552, 1504176934.065521, 1504176934.2944052, 1504176934.802006, 1504176935.281949, 1504176935.669452, 1504176936.128902, 1504176936.465492, 1504176936.818122, 1504176937.293411, 1504176937.653145, 1504176938.0996091, 1504176938.289631, 1504176938.606751, 1504176938.981471, 1504176939.268623, 1504176940.1477818, 1504176940.9040809, 1504176941.425335, 1504176941.918823, 1504176942.313428, 1504176942.7242188, 1504176943.070059, 1504176943.409583, 1504176943.814445, 1504176944.535536, 1504176944.884947, 1504176945.235662, 1504176945.587638, 1504176946.267668, 1504176947.0581, 1504176947.669875, 1504176948.215658, 1504176948.6761549, 1504176948.9189708, 1504176949.277157, 1504176949.649346, 1504176950.016343, 1504176950.394832, 1504176950.708245, 1504176951.050286, 1504176951.4492102, 1504176951.917547, 1504176952.3609989, 1504176952.989792, 1504176953.38023, 1504176953.584845, 1504176954.24484, 1504176954.664483, 1504176954.8876438, 1504176955.532575, 1504176955.7358122, 1504176956.1693451, 1504176957.041683, 1504176957.734199, 1504176958.070911, 1504176958.381786, 1504176958.81784, 1504176959.212746, 1504176959.634034, 1504176960.198584, 1504176960.48381, 1504176960.7999659, 1504176961.1907241, 1504176961.4952729, 1504176961.876493, 1504176962.3069, 1504176962.49151, 1504176962.946778, 1504176963.320076, 1504176963.512467, 1504176963.821237, 1504176964.118583, 1504176964.468605, 1504176964.874283, 1504176965.275102, 1504176965.606047, 1504176965.896498, 1504176966.234189, 1504176966.6287308, 1504176967.063489, 1504176967.379126, 1504176967.837217, 1504176968.517758, 1504176968.910696, 1504176969.269404, 1504176969.815888, 1504176970.0754912, 1504176970.371042], "episode_lengths": [32, 36, 17, 35, 36, 32, 38, 40, 42, 56, 27, 33, 29, 18, 41, 37, 35, 45, 34, 36, 48, 30, 45, 20, 33, 39, 30, 35, 45, 47, 51, 35, 35, 35, 36, 34, 49, 32, 34, 35, 49, 57, 39, 41, 34, 20, 34, 36, 36, 38, 33, 36, 41, 42, 38, 43, 34, 18, 57, 37, 17, 54, 18, 39, 33, 37, 35, 31, 37, 41, 32, 52, 29, 31, 40, 32, 40, 45, 19, 46, 39, 20, 32, 31, 36, 34, 41, 35, 30, 35, 39, 44, 30, 42, 40, 33, 37, 49, 19, 20], "episode_rewards": [37.22724232384549, 49.64986770616856, 17.10354145395413, 42.85969025699575, 47.31726618762362, 33.771191636918935, 54.291858017428275, 53.499008936510165, 51.30616773902021, 70.84858181978251, 35.55891054785779, 44.899886681809704, 33.90341720586014, 18.975040177289962, 63.85103230297437, 34.677326214105626, 43.72339275365421, 71.87651189891164, 44.7614702540218, 54.26858843372713, 63.02408741355555, 40.555924570785216, 58.81860894364891, 27.474722033227472, 41.25671848504062, 48.574110132345524, 41.727846656550625, 43.53230842705068, 62.98418482542384, 61.46668607131211, 80.64841558849021, 53.86984823666738, 38.946385396064365, 43.17441759949709, 54.37759580810963, 48.8031587946762, 54.04734190309784, 51.256635145242406, 28.3792055530493, 53.58077363509551, 55.129552326985355, 82.26573769360427, 56.89972867862994, 46.191808148010495, 48.30561356777875, 27.135782805977698, 55.0020174391284, 45.097379067729165, 44.47743994210094, 45.365898722506124, 43.92470835839513, 50.316211653504936, 42.41014767812189, 54.236048647639414, 46.76208008640166, 60.613073252553015, 30.300632845199686, 9.497054850237046, 93.20973645622213, 52.25964874106179, 9.126112355690749, 82.21093275914365, 17.536881443210763, 59.25137264723432, 42.03238011357226, 49.290545858932866, 51.425282925715095, 32.419573456552655, 53.689638018429655, 60.762613499547115, 49.47474664463125, 80.61013568411322, 43.18043820340435, 34.25292236962018, 49.59167540562624, 29.703484244256856, 49.41344235283945, 44.75247785593188, 26.44520351540293, 60.41383328133547, 59.79779635551732, 28.50837213365064, 47.51354822346017, 39.70431346977276, 49.34307372135759, 40.5834002595327, 48.46383236672954, 43.593418477993644, 44.51476383309929, 47.725373680786575, 49.84297578375491, 59.446589394697135, 35.44251043910877, 63.796933855255105, 64.0596441692299, 39.972858265738566, 48.80842573348307, 53.34679616696777, 26.840011583329687, 27.94026806099173], "episode_types": ["t", "t", "t", "t", "t", "t", "t", "t", "t", "t", "t", "t", "t", "t", "t", "t", "t", "t", "t", "t", "t", "t", "t", "t", "t", "t", "t", "t", "t", "t", "t", "t", "t", "t", "t", "t", "t", "t", "t", "t", "t", "t", "t", "t", "t", "t", "t", "t", "t", "t", "t", "t", "t", "t", "t", "t", "t", "t", "t", "t", "t", "t", "t", "t", "t", "t", "t", "t", "t", "t", "t", "t", "t", "t", "t", "t", "t", "t", "t", "t", "t", "t", "t", "t", "t", "t", "t", "t", "t", "t", "t", "t", "t", "t", "t", "t", "t", "t", "t", "t", "t"]}