{"initial_reset_timestamp": 1504266972.185488, "timestamps": [1504266974.7321138, 1504266975.961853, 1504266976.614423, 1504266976.8703518, 1504266977.1109, 1504266977.335362, 1504266977.570026, 1504266977.8391051, 1504266978.565248, 1504266979.1576588, 1504266979.394561, 1504266979.6203232, 1504266979.858492, 1504266980.154785, 1504266980.357595, 1504266980.5952342, 1504266980.930625, 1504266981.151568, 1504266981.363677, 1504266981.580394, 1504266981.8986099, 1504266982.102855, 1504266982.316896, 1504266982.514685, 1504266982.810352, 1504266983.099638, 1504266983.317965, 1504266983.900339, 1504266984.409486, 1504266984.630065, 1504266984.830345, 1504266985.032479, 1504266985.2600598, 1504266985.482632, 1504266985.747144, 1504266985.9658308, 1504266986.158599, 1504266986.3455622, 1504266986.5256681, 1504266986.776284, 1504266986.987888, 1504266987.1939662, 1504266987.428725, 1504266987.668448, 1504266987.880287, 1504266988.078966, 1504266988.286627, 1504266988.491971, 1504266988.7553458, 1504266988.970656, 1504266989.1621299, 1504266989.35812, 1504266989.559638, 1504266989.7420459, 1504266989.9276102, 1504266990.154942, 1504266990.341111, 1504266990.5655308, 1504266990.770299, 1504266990.976598, 1504266991.1898172, 1504266991.3783062, 1504266991.6045802, 1504266991.825382, 1504266992.677768, 1504266993.243019, 1504266993.4694421, 1504266993.690355, 1504266993.8999848, 1504266994.105782, 1504266994.32257, 1504266994.5263538, 1504266994.736554, 1504266994.988235, 1504266995.252356, 1504266995.490478, 1504266995.705476, 1504266995.958634, 1504266996.2156649, 1504266996.428532, 1504266996.7574809, 1504266996.984746, 1504266997.217386, 1504266997.445923, 1504266997.6833742, 1504266997.8797, 1504266998.10166, 1504266998.317035, 1504266998.514433, 1504266998.744145, 1504266998.9680798, 1504266999.196298, 1504266999.4113421, 1504266999.613229, 1504266999.8198452, 1504267000.003988, 1504267000.234241, 1504267000.477964, 1504267000.733217, 1504267000.98653], "episode_lengths": [29, 20, 26, 21, 20, 20, 21, 21, 19, 25, 22, 19, 20, 26, 19, 20, 27, 20, 20, 20, 29, 20, 20, 17, 20, 20, 20, 19, 21, 19, 19, 19, 22, 20, 20, 19, 18, 19, 17, 21, 18, 19, 23, 23, 21, 19, 20, 20, 26, 20, 18, 20, 19, 17, 16, 21, 19, 21, 20, 19, 20, 19, 20, 20, 28, 19, 21, 20, 20, 20, 20, 19, 20, 22, 20, 21, 19, 19, 20, 19, 30, 21, 20, 20, 22, 20, 20, 20, 19, 20, 21, 21, 21, 20, 20, 17, 20, 23, 24, 23], "episode_rewards": [15.448540588485232, 11.461409709128656, 11.51618176866541, 20.234034944648304, 16.53952858034738, 6.486623539182107, 13.093470022106455, 14.52268294831265, 7.3942980850063815, 19.002042402378716, 10.528160840345986, 9.404600326921921, 13.481877173213684, 11.10976563609679, 16.498865251932347, 8.714892051783636, 14.588829912447018, 13.95922322835769, 8.5495531100353, 14.11298577767372, 24.374750251079565, 10.97411781625619, 11.629341332558624, 1.3029325893301342, 12.37960394810695, 10.466054273604756, 10.085811087770752, 10.031375729013554, 11.09041734375994, 13.306073993499014, 11.287916892958538, 15.392283353759442, 17.878958676557573, 12.143813641816042, 16.07539359315415, 10.936384579312563, 10.651843079450918, 7.466383660296662, 2.982780066584154, 12.528157157246508, 7.088294340468565, 13.55503816613578, 10.81112672564523, 7.536646986869756, 13.530773036513029, 10.09812706866212, 15.409365976221439, 16.185477057113722, 12.65451928094053, 14.728727250203798, 10.83358400894817, 11.58460147592564, 14.99334224588375, -2.388877163055281, -21.346736686448363, 20.059061073779095, 11.207491971431933, 15.58430280127045, 23.45594299784356, 10.336627391720324, 11.97006262167604, 14.151697764493974, 18.285259657953787, 12.232241819225033, 2.432473826616591, 18.842511119374784, 15.09154682788253, 15.628124149971814, 13.06913098303255, 17.195500045129073, 11.610860665259398, 15.462732022885913, 13.623000358001804, 25.678512750306936, 8.73150832132328, 14.905723899607572, 10.950692564697803, 9.3604543256406, 17.214675767246632, 7.267802307166599, 14.56233897955299, 13.97202678306671, 9.147658318474603, 15.666560775091922, 18.980066467253764, 15.476817519354007, 11.656939507251238, 11.536778703022808, 2.5347787016087304, 17.21808602134774, 13.290775383320625, 13.892441392350833, 20.109661816550073, 16.994796772060727, 14.884090117952724, 5.320331033398315, 16.513344734573355, 21.665414636339154, 16.567032249937714, 17.72350479343736], "episode_types": ["t", "t", "t", "t", "t", "t", "t", "t", "t", "t", "t", "t", "t", "t", "t", "t", "t", "t", "t", "t", "t", "t", "t", "t", "t", "t", "t", "t", "t", "t", "t", "t", "t", "t", "t", "t", "t", "t", "t", "t", "t", "t", "t", "t", "t", "t", "t", "t", "t", "t", "t", "t", "t", "t", "t", "t", "t", "t", "t", "t", "t", "t", "t", "t", "t", "t", "t", "t", "t", "t", "t", "t", "t", "t", "t", "t", "t", "t", "t", "t", "t", "t", "t", "t", "t", "t", "t", "t", "t", "t", "t", "t", "t", "t", "t", "t", "t", "t", "t", "t"]}